{
  "project_info": {
    "project_number": "326403580979",
    "project_id": "final-source",
    "storage_bucket": "final-source.appspot.com"
  },
  "client": [
    {
      "client_info": {
        "mobilesdk_app_id": "1:326403580979:android:df772e5533671a10e82f46",
        "android_client_info": {
          "package_name": "com.example.final_source"
        }
      },
      "oauth_client": [],
      "api_key": [
        {
          "current_key": "AIzaSyAwWt629fjrZAkYzjjNB0ceKLOQthzZWlE"
        }
      ],
      "services": {
        "appinvite_service": {
          "other_platform_oauth_client": []
        }
      }
    }
  ],
  "configuration_version": "1"
}